,Pre,Post
AVG_1,,5473.111111111112
AVG_2,12573.0,7850.666666666667
AVG_3,13247.416666666666,6124.333333333333
AVG_4,10774.22222222222,15024.666666666666
AVG_5,12012.666666666666,5041.333333333333
AVG_6,13160.333333333334,5038.0
AVG_7,13649.5,5380.666666666667
AVG_8,13531.5,7586.0
AVG_9,9499.5,16531.666666666668
AVG_10,14122.333333333334,4430.666666666667
AVG_11,13419.333333333334,13501.666666666666
AVG_12,12600.33333333333,13975.333333333334
AVG_13,10604.833333333334,8763.666666666666
AVG_14,12720.166666666666,3976.6666666666665
AVG_15,10386.0,5698.333333333333
AVG_16,12948.5,5134.333333333333
AVG_17,11549.0,4389.833333333334
AVG_18,11678.0,4623.666666666667
AVG_19,6400.0,5485.333333333333
AVG_20,14463.333333333334,5113.333333333333
AVG_21,10774.833333333334,6034.666666666667
AVG_22,9507.166666666666,4524.166666666667
AVG_23,13282.0,4512.666666666666
AVG_24,11475.88888888889,4301.666666666667
AVG_25,12531.0,3974.3333333333335
AVG_26,12564.166666666666,6222.666666666668
AVG_27,13963.666666666666,4625.666666666667
AVG_28,12508.166666666666,4846.0
AVG_29,12608.0,4758.666666666667
AVG_30,11463.77777777778,5303.666666666667
AVG_31,12504.555555555557,5230.000000000001
AVG_32,10975.111111111111,5038.666666666667
AVG_33,6023.0,4567.999999999999
AVG_34,9251.0,5042.666666666667
AVG_35,12268.833333333334,4356.0
AVG_36,11464.555555555557,5675.833333333333
AVG_37,11654.166666666666,5697.333333333333
AVG_38,12005.333333333334,5791.166666666667
AVG_39,11493.833333333334,5619.166666666667
AVG_40,9179.666666666666,5622.5
AVG_41,10031.555555555557,5762.88888888889
AVG_42,10503.833333333334,5496.666666666667
AVG_43,11479.333333333334,5533.833333333333
AVG_44,11509.666666666666,4816.333333333333
AVG_45,11611.333333333334,6761.666666666668
AVG_46,10815.88888888889,6731.333333333333
AVG_47,13695.555555555557,6530.166666666667
AVG_48,9432.444444444443,6473.000000000001
AVG_49,11081.0,6652.333333333333
AVG_50,11263.666666666666,7047.555555555556
AVG_51,11842.0,8193.22222222222
AVG_52,12884.0,4399.666666666665
AVG_53,6160.5,5305.333333333333
AVG_54,6073.333333333333,5537.333333333333
AVG_55,5633.88888888889,5142.0
AVG_56,,4866.166666666666
AVG_57,,5862.666666666667
AVG_58,12716.944444444443,9121.33333333333
AVG_59,14017.666666666666,5639.333333333333
AVG_60,,5262.666666666667
AVG_61,,5486.0
AVG_62,,5943.666666666667
AVG_63,8344.833333333334,4849.0
AVG_64,11164.833333333334,5418.5
AVG_65,11637.666666666666,9032.833333333334
AVG_66,9890.0,7698.0
AVG_67,9188.5,7198.0
AVG_68,11283.166666666666,7235.666666666667
AVG_69,9392.166666666666,5384.333333333334
AVG_70,10361.666666666666,8693.0
AVG_71,10530.833333333334,6212.833333333333
AVG_72,14784.333333333334,9118.0
AVG_73,6905.666666666667,6131.333333333333
AVG_74,5778.333333333333,5681.333333333332
AVG_75,4215.000000000001,4451.0
AVG_76,9286.0,4938.999999999999
AVG_77,11641.0,8086.666666666667
AVG_78,9180.0,5435.000000000002
AVG_79,8663.666666666666,5653.0
AVG_80,11950.833333333334,7041.5
AVG_81,11768.666666666666,5846.0
AVG_82,13862.5,5687.333333333333
AVG_83,12625.666666666672,5620.166666666667
AVG_84,12504.0,5986.166666666667
AVG_85,5365.0,6243.666666666667
AVG_86,12640.166666666666,5826.166666666667
AVG_87,10615.166666666666,6518.166666666667
AVG_88,10711.555555555557,5996.666666666667
AVG_89,9944.833333333334,7166.0
AVG_90,12006.333333333334,5002.666666666667
AVG_91,11335.833333333334,5100.000000000001
AVG_92,10037.833333333334,5404.666666666667
AVG_93,,4697.222222222223
AVG_94,,13439.33333333333
AVG_95,,8447.999999999998
AVG_96,,11909.666666666666
AVG_97,15147.333333333334,5740.11111111111
AVG_98,15957.333333333334,5020.5
AVG_99,15173.666666666666,5422.0
AVG_100,12754.333333333334,6679.666666666667
AVG_101,14362.333333333334,5028.333333333333
AVG_102,17416.666666666668,5049.0
AVG_103,12870.333333333334,5223.833333333333
AVG_104,11298.0,5741.0
AVG_105,14066.666666666666,4803.333333333333
AVG_106,16905.0,5340.333333333333
AVG_107,12835.333333333334,6101.0
AVG_108,14133.0,5523.0
AVG_109,15753.666666666666,5026.666666666667
AVG_110,13017.66666666667,5806.666666666665
AVG_111,11230.833333333334,5853.0
AVG_112,7931.0,4939.833333333333
AVG_113,10782.333333333334,5579.0
AVG_114,9196.333333333334,6199.333333333333
AVG_115,7473.333333333332,5571.333333333333
AVG_116,12546.666666666666,6082.0
AVG_117,13746.0,4836.333333333333
AVG_118,13552.0,5094.11111111111
AVG_119,12230.33333333333,5304.166666666667
AVG_120,8437.333333333334,5605.666666666667
AVG_121,8130.666666666667,5502.333333333333
AVG_122,8712.666666666666,5688.666666666668
AVG_123,9279.333333333334,6145.0
AVG_124,8278.0,5497.833333333333
AVG_125,8527.0,5986.333333333333
AVG_126,13628.666666666666,8116.666666666667
AVG_127,7126.333333333333,5562.333333333333
AVG_128,6014.333333333333,5764.666666666667
AVG_129,9316.0,5896.333333333333
AVG_130,14821.333333333336,5428.333333333334
AVG_131,11255.333333333334,5252.333333333333
AVG_132,13350.666666666664,5165.666666666667
AVG_133,13111.166666666666,6552.666666666667
AVG_134,6242.666666666667,6220.0
AVG_135,11209.833333333334,6148.666666666667
AVG_136,10274.0,5472.333333333333
AVG_137,11133.0,6099.666666666667
AVG_138,10880.666666666666,6031.666666666667
AVG_139,5711.0,5909.166666666667
AVG_140,5906.666666666668,6358.166666666667
AVG_141,10740.666666666666,5733.444444444444
AVG_142,8270.833333333334,5614.666666666667
AVG_143,6151.5,5761.0
AVG_144,9463.555555555557,5332.666666666667
AVG_145,9577.5,6349.333333333333
AVG_146,10401.0,6283.0
AVG_147,10861.5,6569.166666666667
AVG_148,6821.0,5936.666666666667
AVG_149,8976.0,6941.666666666667
AVG_150,9690.666666666666,5970.333333333333
AVG_151,10570.0,5986.222222222223
AVG_152,11339.166666666666,5575.777777777777
AVG_153,9282.666666666666,6725.5
AVG_154,10776.166666666666,6821.444444444444
AVG_155,5907.0,6637.333333333333
AVG_156,6108.833333333333,6398.5
AVG_157,9177.333333333334,6319.166666666667
AVG_158,9259.166666666666,5965.444444444444
AVG_159,7244.5,6531.944444444445
AVG_160,9099.666666666666,6309.666666666667
AVG_161,10027.333333333334,5720.0
AVG_162,9445.833333333334,6933.833333333333
AVG_163,9946.166666666666,5983.333333333333
AVG_164,9209.833333333334,6024.0
AVG_165,10159.666666666666,5184.666666666667
AVG_166,10361.833333333334,7348.833333333333
AVG_167,9276.833333333334,6628.5
AVG_168,10130.833333333334,6876.166666666667
AVG_169,9197.833333333334,6871.166666666667
AVG_170,11010.166666666666,6453.5
AVG_171,13315.333333333334,5139.833333333333
AVG_172,10405.166666666666,5945.666666666667
AVG_173,,5940.0
AVG_174,8079.0,4948.0
AVG_175,9722.166666666666,5801.0
AVG_176,12431.777777777776,5938.0
AVG_177,9296.5,6606.333333333333
AVG_178,9609.666666666666,9518.666666666666
AVG_179,8987.333333333334,5738.333333333333
AVG_180,10303.166666666666,6540.833333333333
AVG_181,6578.5,6191.0
AVG_182,10657.055555555557,6764.333333333333
AVG_183,6227.333333333333,6145.166666666667
AVG_184,10568.666666666666,6603.555555555556
AVG_185,13102.888888888889,6083.166666666667
AVG_186,10583.333333333334,6276.5
AVG_187,8350.333333333334,6573.666666666667
AVG_188,9701.0,5835.444444444444
AVG_189,13883.666666666666,5960.11111111111
AVG_190,7450.5,6085.666666666667
AVG_191,9095.5,6380.0
AVG_192,,5944.666666666667
AVG_193,,8062.0
AVG_194,,12057.22222222222
AVG_195,,6936.000000000001
AVG_196,,8035.333333333333
AVG_197,,6189.0
AVG_198,,6278.5
AVG_199,,6218.333333333333
AVG_200,11921.333333333334,4827.833333333333
AVG_201,,5607.666666666667
AVG_202,,5493.222222222222
AVG_203,10928.5,5278.999999999999
AVG_204,9689.333333333334,5932.0
AVG_205,12035.333333333334,5890.5
AVG_206,14773.333333333336,5989.833333333333
AVG_207,12072.333333333334,4936.833333333333
AVG_208,9596.666666666668,5341.166666666667
AVG_209,14778.666666666666,4641.833333333333
AVG_210,16724.333333333332,5334.0
AVG_211,11156.333333333334,5143.833333333333
AVG_212,11941.666666666666,5538.333333333333
AVG_213,6894.333333333332,5571.0
AVG_214,10931.0,5554.666666666667
AVG_215,10835.666666666666,5366.0
AVG_216,,4498.333333333333
AVG_217,,5316.333333333332
AVG_218,,4603.0
AVG_219,,4664.0
AVG_220,,4523.666666666667
AVG_221,,11285.333333333336
AVG_222,,9906.0
AVG_223,,13297.666666666662
AVG_224,,15375.666666666666
AVG_225,13125.333333333334,5023.833333333333
AVG_226,13060.333333333334,4227.333333333333
AVG_227,6062.666666666667,4646.88888888889
AVG_228,7953.5,5212.666666666667
AVG_229,8178.0,7553.0
AVG_230,9256.333333333334,5306.666666666667
AVG_231,5909.666666666667,6131.666666666667
AVG_232,8069.5,5449.5
AVG_233,7784.333333333333,5778.333333333333
AVG_234,13827.333333333336,5307.333333333333
AVG_235,11342.333333333334,5182.5
AVG_236,14928.833333333334,6015.333333333333
AVG_237,9993.0,5552.0
AVG_238,14725.833333333334,5493.333333333333
AVG_239,14605.333333333334,6028.333333333333
AVG_240,14487.333333333334,5342.333333333333
AVG_241,12788.999999999998,5621.0
AVG_242,11774.0,6717.333333333333
AVG_243,11533.333333333334,5927.000000000001
AVG_244,11064.0,5589.666666666667
AVG_245,12621.333333333334,5232.666666666667
AVG_246,13228.0,5478.333333333333
AVG_247,11058.0,5547.666666666667
AVG_248,12050.333333333334,5948.999999999999
AVG_249,13884.333333333334,5278.666666666667
AVG_250,12053.666666666666,5238.666666666667
AVG_251,13780.333333333334,5859.0
AVG_252,,6391.222222222223
AVG_253,,5711.777777777777
AVG_254,,6302.0
AVG_255,,6030.333333333333
AVG_256,12028.66666666667,5223.666666666665
AVG_257,12179.888888888889,4776.11111111111
AVG_258,8118.0,5279.666666666667
AVG_259,8206.333333333334,6038.666666666667
AVG_260,,5462.666666666667
AVG_261,,5499.333333333333
AVG_262,,4765.333333333333
AVG_263,,5624.5
AVG_264,,5450.833333333333
AVG_265,,6380.777777777778
AVG_266,,5702.833333333333
AVG_267,,5928.0
AVG_268,,6108.666666666667
AVG_269,,6101.0
AVG_270,,5752.0
AVG_271,10509.333333333334,4516.111111111111
AVG_272,11325.333333333334,4474.0
AVG_273,6921.0,4950.166666666667
AVG_274,14896.333333333334,5266.833333333333
AVG_275,,5555.5
AVG_276,,5488.5
AVG_277,,5735.333333333333
AVG_278,,5270.333333333333
AVG_279,,5620.666666666667
AVG_280,,5326.666666666667
AVG_281,,5923.0
AVG_282,,6709.666666666667
AVG_283,,6066.333333333333
AVG_284,,6886.166666666667
AVG_285,,5496.666666666667
AVG_286,,5977.0
AVG_287,,6154.0
AVG_288,,6114.0
AVG_289,,7227.555555555555
AVG_290,,5673.833333333333
AVG_291,,5668.833333333333
AVG_292,,6108.333333333333
AVG_293,,5548.11111111111
AVG_294,,6133.222222222223
AVG_295,,5649.88888888889
AVG_296,,5515.88888888889
AVG_297,10202.5,5195.777777777778
AVG_298,10416.666666666666,4519.777777777777
AVG_299,16774.666666666668,5589.999999999999
AVG_300,15222.333333333334,5389.666666666667
AVG_301,12710.333333333334,5856.333333333333
AVG_302,8754.666666666666,5795.333333333333
AVG_303,11503.666666666666,5232.666666666666
AVG_304,15138.333333333334,5964.0
AVG_305,9200.77777777778,5819.222222222223
AVG_306,13118.5,6076.222222222223
AVG_307,8227.111111111111,5954.0
AVG_308,11147.666666666666,6137.666666666667
AVG_309,11075.777777777776,5509.166666666667
AVG_310,10676.166666666666,6015.333333333333
AVG_311,10691.666666666668,6350.666666666667
AVG_312,11899.5,5666.5
AVG_313,6920.333333333333,5642.5
AVG_314,7974.0,5599.666666666667
AVG_315,12621.333333333334,5464.166666666667
AVG_316,10491.666666666666,5957.5
AVG_317,9193.0,5383.777777777777
AVG_318,10562.0,5567.5
AVG_319,9915.444444444443,5301.5
AVG_320,10862.666666666666,5508.666666666667
AVG_321,9423.5,5525.555555555555
AVG_322,10785.333333333334,6546.166666666667
AVG_323,10013.166666666666,5487.0
AVG_324,8964.0,6326.333333333333
AVG_325,10716.5,5655.5
AVG_326,7054.333333333333,6722.166666666667
AVG_327,9662.666666666666,6194.666666666667
AVG_328,9369.833333333334,6355.166666666667
AVG_329,7667.333333333333,5910.833333333333
AVG_330,10319.555555555557,6187.166666666667
AVG_331,8294.111111111111,5993.222222222222
AVG_332,8423.166666666666,6571.333333333333
AVG_333,7402.5,5545.5
AVG_334,8603.666666666666,5809.5
AVG_335,9767.833333333334,5255.833333333335
AVG_336,10170.88888888889,5781.444444444444
AVG_337,8913.5,5788.5
AVG_338,8464.333333333334,5278.666666666667
AVG_339,11121.5,5438.833333333333
AVG_340,11671.333333333334,5611.666666666667
AVG_341,7942.833333333333,5827.166666666667
AVG_342,,5736.666666666667
AVG_343,8530.166666666666,5698.666666666667
AVG_344,6066.333333333333,5610.5
AVG_345,6447.666666666668,6488.11111111111
AVG_346,11965.0,5706.333333333333
AVG_347,5701.666666666667,6132.666666666667
AVG_348,7929.333333333335,5972.333333333333
AVG_349,5578.0,5410.333333333333
AVG_350,6033.333333333333,5614.0
AVG_351,9596.333333333334,5787.666666666668
AVG_352,12088.0,5252.0
AVG_353,16233.333333333334,6123.0
AVG_354,6972.666666666667,4923.333333333333
AVG_355,6422.0,6379.333333333333
AVG_356,7672.333333333333,6572.833333333333
AVG_357,5285.333333333333,5294.0
AVG_358,6312.5,6078.0
AVG_359,10379.222222222224,5674.666666666667
AVG_360,7457.5,6967.833333333333
AVG_361,7374.333333333333,7036.666666666667
AVG_362,11678.0,6169.333333333333
AVG_363,13026.0,5834.333333333333
AVG_364,8813.5,7741.0
AVG_365,6646.5,6535.833333333332
AVG_366,6595.5,6416.000000000001
AVG_367,10271.0,6146.0
AVG_368,13040.166666666666,7482.333333333333
AVG_369,9501.166666666666,5458.666666666667
AVG_370,9749.444444444443,5066.0
AVG_371,6458.88888888889,5762.333333333333
AVG_372,5472.0,5472.333333333333
AVG_373,5991.666666666667,6107.333333333333
AVG_374,4658.666666666667,5511.0
AVG_375,12289.0,5979.0
AVG_376,12115.22222222222,6357.666666666665
AVG_377,8102.222222222223,6148.666666666667
AVG_378,5352.666666666667,6287.333333333333
AVG_379,13967.666666666666,5463.333333333333
AVG_380,5787.5,5624.666666666665
AVG_381,10020.333333333334,5422.000000000001
AVG_382,5791.0,5790.333333333333
AVG_383,12413.5,6213.0
AVG_384,12786.666666666666,4929.333333333333
AVG_385,,5942.0
AVG_386,,5606.11111111111
AVG_387,9720.666666666666,4824.5
AVG_388,12256.83333333333,4534.0
AVG_389,11231.444444444443,4777.833333333333
AVG_390,,5224.666666666666
AVG_391,,5026.333333333333
AVG_392,,5590.166666666667
AVG_393,,5899.666666666667
AVG_394,7756.666666666667,5078.111111111112
AVG_395,10517.333333333334,5186.333333333333
AVG_396,7958.0,5965.166666666667
AVG_397,11418.0,5858.666666666667
AVG_398,10383.666666666666,5520.666666666667
AVG_399,12130.333333333334,6417.333333333333
AVG_400,12373.333333333334,5663.666666666667
AVG_401,12155.333333333334,6089.999999999999
AVG_402,11076.666666666666,6449.666666666667
AVG_403,10583.333333333332,5498.0
AVG_404,12970.999999999998,6439.333333333333
AVG_405,8837.0,6591.333333333333
AVG_406,16005.999999999998,4981.666666666668
AVG_407,16442.666666666668,6343.0
AVG_408,15732.0,6282.0
AVG_409,12965.0,4710.111111111111
AVG_410,13015.333333333334,5617.666666666667
AVG_411,14490.33333333333,5679.333333333333
AVG_412,13709.0,5883.833333333333
AVG_413,9318.0,6270.0
AVG_414,12052.333333333334,6620.333333333333
AVG_415,13700.333333333334,6442.666666666668
AVG_416,14308.333333333334,5724.5
AVG_417,9743.333333333334,5714.166666666667
AVG_418,9455.333333333334,7006.166666666667
AVG_419,10776.666666666666,5516.0
AVG_420,11354.166666666666,6509.666666666667
AVG_421,11082.0,6381.666666666667
AVG_422,11306.666666666666,6074.333333333333
AVG_423,7742.0,5368.666666666665
AVG_424,5755.666666666667,6960.111111111112
AVG_425,10664.166666666666,7030.333333333333
AVG_426,5969.0,6941.777777777777
AVG_427,4192.666666666666,6134.222222222223
AVG_428,7184.0,7582.88888888889
AVG_429,5614.666666666667,6705.666666666667
AVG_430,5412.666666666667,6627.777777777778
AVG_431,12116.666666666666,5044.0
AVG_432,9680.666666666668,5080.666666666667
AVG_433,10972.666666666666,5441.0
AVG_434,9493.666666666666,5618.0
AVG_435,9234.333333333334,4583.333333333333
AVG_436,12340.666666666666,5471.666666666667
AVG_437,10729.666666666666,5775.666666666667
AVG_438,13326.666666666666,6092.0
AVG_439,15121.0,5568.0
AVG_440,16994.0,6114.666666666667
AVG_441,11897.0,5236.333333333333
AVG_442,11730.0,4482.666666666667
AVG_443,12194.166666666666,4510.5
AVG_444,11107.666666666666,5019.833333333333
AVG_445,11184.5,4478.333333333333
AVG_446,11791.666666666666,4918.0
AVG_447,10097.666666666666,4114.0
AVG_448,12171.333333333334,4372.333333333332
AVG_449,13339.166666666666,5840.0
AVG_450,8594.166666666666,5292.333333333333
AVG_451,8768.833333333334,5221.333333333333
AVG_452,6419.166666666667,4994.666666666667
AVG_453,9102.5,5345.333333333332
AVG_454,10178.0,5777.333333333333
AVG_455,10858.111111111111,4253.0
AVG_456,10357.666666666666,2740.333333333333
AVG_457,8465.833333333334,4619.333333333333
AVG_458,11059.444444444443,5285.0
AVG_459,12327.5,8441.999999999998
AVG_460,13033.166666666666,9234.333333333334
AVG_461,9700.666666666666,4336.999999999999
AVG_462,13216.0,5429.666666666668
AVG_463,11853.166666666666,4713.333333333333
AVG_464,14189.166666666666,6156.333333333333
AVG_465,9752.166666666666,5641.0
AVG_466,9086.666666666666,6123.0
AVG_467,9607.77777777778,5996.666666666667
AVG_468,9801.77777777778,5747.0
AVG_469,9424.888888888889,6870.666666666667
AVG_470,8713.833333333334,8175.0
AVG_471,10945.555555555557,5971.999999999999
AVG_472,10289.833333333334,8151.666666666667
AVG_473,6314.0,5283.666666666667
AVG_474,8723.166666666666,5506.333333333333
AVG_475,10679.333333333334,4233.666666666667
AVG_476,12401.666666666666,5669.333333333333
AVG_477,9856.833333333334,5904.666666666667
AVG_478,9741.333333333334,5913.666666666667
AVG_479,9043.111111111111,5672.0
AVG_480,,6183.0
AVG_481,,5640.5
AVG_482,,6522.333333333333
AVG_483,,5921.833333333333
AVG_484,10459.888888888889,5584.666666666667
AVG_485,11446.777777777776,6305.999999999999
AVG_486,9617.166666666666,7017.333333333332
AVG_487,8434.0,7902.666666666665
AVG_488,,6751.333333333333
AVG_489,11987.999999999998,5872.833333333333
AVG_490,10821.333333333334,6751.0
AVG_491,9957.0,4743.0
AVG_492,9108.666666666666,6942.666666666667
AVG_493,9998.166666666666,5141.833333333333
AVG_494,10298.333333333334,4389.5
AVG_495,9228.833333333334,6236.0
AVG_496,9107.75,4666.5
AVG_497,11961.5,4429.666666666667
AVG_498,7527.5,5201.333333333333
AVG_499,11031.833333333334,6358.0
AVG_500,8759.166666666666,6021.333333333333
AVG_501,12819.88888888889,6795.0
AVG_502,9221.5,7271.0
AVG_503,10360.333333333334,6709.666666666667
AVG_504,7970.666666666667,7173.666666666667
AVG_505,10777.166666666666,8093.833333333333
AVG_506,11167.333333333334,6889.666666666667
AVG_507,12595.333333333334,6483.0
AVG_508,5268.333333333333,5961.666666666667
AVG_509,13671.111111111111,5020.333333333333
AVG_510,6054.5,5026.333333333333
AVG_511,10841.666666666666,4820.666666666667
AVG_512,8783.333333333334,4498.0
AVG_513,9087.666666666664,4930.0
AVG_514,8055.0,5313.333333333333
AVG_515,8498.333333333334,4952.0
AVG_516,10171.0,5068.333333333332
AVG_517,5871.333333333333,5216.666666666667
AVG_518,9584.666666666666,5830.0
AVG_519,7115.666666666667,5243.333333333333
AVG_520,12772.333333333334,3715.0
AVG_521,12836.888888888889,3205.0
AVG_522,11047.77777777778,4272.333333333333
AVG_523,10238.5,1411.6666666666667
AVG_524,12255.166666666666,3.0000000000000004
AVG_525,11399.0,3.0000000000000004
AVG_526,10407.833333333334,3402.6666666666665
AVG_527,9318.833333333334,3941.000000000001
AVG_528,10041.833333333332,819.3333333333335
AVG_529,10027.666666666666,4710.666666666667
AVG_530,6818.833333333333,5956.666666666667
AVG_531,9383.5,5172.666666666665
AVG_532,5538.555555555555,5883.333333333333
AVG_533,10212.5,8262.333333333334
AVG_534,12586.5,4503.666666666667
AVG_535,7946.88888888889,4425.666666666667
AVG_536,10827.888888888889,4736.666666666666
AVG_537,9886.166666666666,5500.0
AVG_538,13964.333333333334,2782.333333333333
AVG_539,13515.0,3199.6666666666665
AVG_540,12194.333333333334,5203.666666666667
AVG_541,11502.0,5216.333333333332
AVG_542,12055.666666666666,5211.166666666667
AVG_543,11799.999999999998,4875.333333333333
AVG_544,11485.333333333334,4410.833333333333
AVG_545,5488.833333333333,5422.333333333333
AVG_546,10152.666666666666,5897.5
AVG_547,9779.666666666666,6909.333333333333
AVG_548,9115.666666666666,5280.0
AVG_549,9031.5,5154.666666666667
AVG_550,8615.166666666666,4416.0
AVG_551,7534.666666666667,5645.333333333333
AVG_552,9249.666666666666,4759.333333333333
AVG_553,11879.666666666666,4805.333333333333
AVG_554,9632.0,5106.333333333333
AVG_555,4274.333333333333,8897.666666666666
AVG_556,10266.5,3630.333333333332
AVG_557,10868.0,3570.0
AVG_558,11227.166666666666,3.0000000000000004
AVG_559,8830.0,19.000000000000004
AVG_560,7722.0,3752.6666666666665
AVG_561,6230.5,4972.333333333333
AVG_562,11087.0,2932.0
AVG_563,11016.0,3664.0
AVG_564,11441.333333333334,5665.0
AVG_565,11009.333333333334,997.3333333333334
AVG_566,11285.0,2527.6666666666665
AVG_567,8582.333333333334,5327.0
AVG_568,10746.333333333334,4461.666666666667
AVG_569,10147.666666666666,4921.166666666667
AVG_570,9666.666666666666,4505.833333333333
AVG_571,5601.666666666667,5357.0
AVG_572,4902.333333333333,5320.0
AVG_573,8522.333333333334,5694.666666666667
AVG_574,10976.0,5040.666666666667
AVG_575,10595.0,5730.333333333335
AVG_576,10890.0,4799.0
AVG_577,11275.666666666666,4486.0
AVG_578,8916.999999999998,5692.333333333333
AVG_579,6079.333333333333,5324.5
AVG_580,5129.666666666667,4997.666666666667
AVG_581,4977.0,5039.333333333333
AVG_582,5564.0,5281.833333333333
AVG_583,5496.333333333333,4755.333333333333
AVG_584,14626.833333333334,5826.0
AVG_585,15463.5,5603.666666666667
AVG_586,10794.166666666666,5611.0
AVG_587,11686.5,5449.666666666667
AVG_588,14613.333333333334,5789.333333333333
AVG_589,11550.666666666666,4798.333333333333
AVG_590,11552.999999999998,4861.333333333333
AVG_591,10937.0,4788.0
AVG_592,6797.0,6653.666666666667
AVG_593,9560.111111111111,5035.0
AVG_594,10707.333333333334,4526.0
AVG_595,9895.666666666668,4929.0
AVG_596,10195.22222222222,
AVG_597,8691.0,
AVG_598,11079.0,
AVG_599,11780.666666666666,
AVG_600,10800.0,
AVG_601,8922.0,
AVG_602,11748.666666666666,
AVG_603,10071.0,
AVG_604,10895.0,
AVG_605,12401.333333333334,
AVG_606,5440.0,
AVG_607,7835.0,
AVG_608,8130.666666666667,
AVG_609,10280.0,
AVG_610,9521.666666666666,
AVG_611,11241.333333333334,
AVG_612,8809.833333333334,
AVG_613,9030.666666666666,
AVG_614,10701.999999999998,
AVG_615,11448.444444444443,
AVG_616,14289.0,
AVG_617,14410.555555555557,
AVG_618,11774.888888888889,
AVG_619,5017.333333333333,
AVG_620,9568.666666666666,
AVG_621,9756.111111111111,
AVG_622,13150.916666666666,
AVG_623,9449.0,
AVG_624,10544.111111111111,
AVG_625,11690.333333333334,5980.666666666667
AVG_626,8166.833333333333,5531.666666666667
AVG_627,10739.0,
AVG_628,7689.666666666667,5581.666666666667
AVG_629,7244.333333333333,
AVG_630,9184.888888888889,
AVG_631,13176.666666666666,5316.666666666667
AVG_632,,4816.333333333333
AVG_633,,5485.666666666667
AVG_634,,4912.999999999999
AVG_635,,4854.333333333333
AVG_636,,5921.333333333332
AVG_637,12372.916666666666,
AVG_638,12758.77777777778,
AVG_639,12001.0,
AVG_640,12386.0,
AVG_641,9557.0,
AVG_642,11657.0,6111.666666666667
AVG_643,,4609.666666666667
AVG_644,,5477.666666666667
AVG_645,,5744.0
AVG_646,,5238.0
AVG_647,6799.166666666667,5239.333333333333
AVG_648,10782.666666666666,5442.666666666667
AVG_649,10598.5,5667.666666666668
AVG_650,8230.166666666666,5754.0
AVG_651,6038.333333333333,5058.666666666667
AVG_652,9432.833333333334,4777.333333333333
AVG_653,10979.5,5548.0
AVG_654,7113.88888888889,5556.0
AVG_655,10422.666666666666,6531.333333333333
AVG_656,10277.305555555557,5965.166666666667
AVG_657,8768.833333333334,5014.833333333333
AVG_658,9390.833333333334,5805.5
AVG_659,7671.333333333333,4418.333333333333
AVG_660,8253.5,5949.333333333333
AVG_661,8913.0,4943.000000000001
AVG_662,6350.166666666667,5244.333333333333
AVG_663,10206.5,5721.0
AVG_664,10722.0,5771.333333333333
AVG_665,10585.500000000002,6130.333333333333
AVG_666,11396.166666666666,5375.0
AVG_667,10223.333333333334,5290.000000000001
AVG_668,10032.333333333334,5698.333333333333
AVG_669,8881.5,6371.166666666667
AVG_670,,4813.166666666667
AVG_671,,4614.5
AVG_672,,4582.999999999999
AVG_673,,4830.666666666667
AVG_674,,4155.0
AVG_675,,5909.5
AVG_676,,4875.166666666667
AVG_677,,4390.666666666667
AVG_678,,4824.0
AVG_679,,4992.0
AVG_680,,4368.333333333333
AVG_681,,4987.666666666667
AVG_682,9759.0,
AVG_683,,5403.0
AVG_684,,4870.833333333333
AVG_685,,5712.166666666667
AVG_686,9440.22222222222,5720.444444444444
AVG_687,8410.333333333334,5744.555555555556
AVG_688,8727.111111111111,
AVG_689,9845.0,4694.333333333333
AVG_690,6999.555555555556,5687.0
AVG_691,7511.555555555555,4533.333333333333
AVG_692,11132.333333333334,3158.333333333333
AVG_693,10441.666666666666,2040.3333333333333
AVG_694,13205.333333333334,1633.6666666666667
AVG_695,12260.444444444443,4658.333333333335
AVG_696,10777.333333333334,5929.666666666665
AVG_697,10272.444444444443,7120.0
AVG_698,9004.666666666666,4146.666666666667
AVG_699,7679.333333333333,3779.6666666666665
AVG_700,8767.833333333334,4095.0
AVG_701,8972.111111111111,5376.666666666667
AVG_702,8351.333333333334,5237.999999999999
AVG_703,11665.444444444443,4333.0
AVG_704,10489.333333333334,5457.0
AVG_705,8701.888888888889,5182.000000000001
AVG_706,10706.166666666666,4427.0
AVG_707,6673.166666666667,5555.333333333333
AVG_708,12951.166666666666,5916.333333333333
AVG_709,11350.0,4926.333333333333
AVG_710,9423.333333333334,7892.0
AVG_711,11691.333333333334,6202.0
AVG_712,12427.500000000002,4045.6666666666656
AVG_713,12350.5,5106.666666666667
AVG_714,10554.166666666666,5393.333333333333
AVG_715,7146.166666666667,5783.333333333333
AVG_716,7995.000000000001,5756.666666666668
AVG_717,7047.333333333333,6218.88888888889
AVG_718,11159.333333333334,5505.333333333333
AVG_719,10098.666666666666,4170.666666666667
AVG_720,9473.0,3806.6666666666665
AVG_721,11975.333333333334,3498.0
AVG_722,10302.666666666666,3259.333333333333
AVG_723,12561.333333333336,5614.0
AVG_724,11796.166666666666,3.0000000000000004
AVG_725,9225.333333333334,29.66666666666666
AVG_726,10335.22222222222,3434.6666666666665
AVG_727,8502.666666666666,1999.666666666667
AVG_728,,5242.166666666667
AVG_729,,5088.499999999999
AVG_730,9044.833333333334,5719.666666666667
AVG_731,6386.5,3071.0
AVG_732,6446.666666666667,88.33333333333333
AVG_733,9310.333333333334,87.33333333333333
AVG_734,10320.833333333334,2630.3333333333326
AVG_735,6654.166666666667,2128.0
AVG_736,9586.111111111111,3967.333333333334
AVG_737,9459.555555555557,4291.666666666667
AVG_738,12494.444444444443,3910.0
AVG_739,8823.833333333334,3634.6666666666665
AVG_740,10113.444444444443,3185.0
AVG_741,10067.833333333334,6231.0
AVG_742,11607.0,4740.333333333333
AVG_743,10151.666666666666,6262.0
AVG_744,10216.166666666666,4093.666666666666
AVG_745,11375.083333333334,13042.0
AVG_746,9994.333333333334,6160.0
AVG_747,10184.416666666666,5229.333333333333
AVG_748,10522.333333333334,6185.333333333333
AVG_749,12163.88888888889,4695.0
AVG_750,9081.333333333334,8915.0
AVG_751,11864.555555555557,7170.333333333333
AVG_752,11361.666666666666,7743.000000000001
AVG_753,12570.0,12199.0
AVG_754,9889.166666666666,13977.999999999998
AVG_755,10723.88888888889,5065.0
AVG_756,11726.111111111111,5181.333333333333
AVG_757,10600.5,6009.333333333333
AVG_758,10727.166666666666,12235.333333333334
AVG_759,13875.833333333334,4384.666666666667
AVG_760,5334.333333333333,5339.0
AVG_761,,4663.166666666667
AVG_762,,4993.333333333333
AVG_763,,4202.333333333333
AVG_764,8022.0,4451.0
AVG_765,6331.666666666665,3504.333333333333
AVG_766,10294.5,4228.333333333333
AVG_767,8992.666666666666,2743.6666666666665
AVG_768,14705.666666666666,5994.666666666667
AVG_769,13472.333333333334,3703.3333333333335
AVG_770,9133.0,4300.0
AVG_771,9514.0,3770.333333333332
AVG_772,10349.333333333332,3549.0
AVG_773,12172.0,3866.3333333333335
AVG_774,8823.333333333334,3631.6666666666665
AVG_775,7154.666666666667,5995.333333333333
AVG_776,5676.0,4041.0
AVG_777,8776.333333333334,6324.0
AVG_778,11262.0,7782.666666666667
AVG_779,8636.0,7532.666666666667
AVG_780,12020.833333333334,6123.333333333333
AVG_781,7501.333333333333,4564.333333333333
AVG_782,10785.833333333334,3929.0
AVG_783,9463.666666666666,4725.0
AVG_784,10826.333333333334,6491.666666666667
AVG_785,9658.0,6684.333333333333
AVG_786,11870.333333333334,3892.0
AVG_787,12359.333333333334,3310.666666666666
AVG_788,11516.0,3683.3333333333335
AVG_789,7171.000000000001,3295.6666666666674
AVG_790,9626.0,7561.333333333333
AVG_791,10862.666666666666,6625.333333333335
AVG_792,8577.0,6615.333333333333
AVG_793,10467.333333333334,6337.666666666667
AVG_794,10910.333333333334,6972.666666666667
AVG_795,11308.666666666666,6336.666666666667
AVG_796,10507.666666666666,7657.333333333333
AVG_797,12072.0,6635.333333333333
AVG_798,10393.0,5606.333333333333
AVG_799,8041.888888888888,6184.0
AVG_800,10599.999999999998,4389.333333333333
AVG_801,10988.0,4109.666666666667
AVG_802,10276.0,5993.666666666667
AVG_803,9390.0,8843.0
AVG_804,9099.0,4909.0
AVG_805,12742.0,4141.333333333334
AVG_806,9919.0,5779.0
AVG_807,11607.333333333334,6927.666666666667
AVG_808,10055.833333333334,5432.333333333333
AVG_809,10495.333333333334,6130.666666666665
AVG_810,10397.666666666666,4015.000000000001
AVG_811,11542.333333333334,3352.6666666666656
AVG_812,7949.0,6901.666666666667
AVG_813,9716.333333333332,4174.666666666666
AVG_814,8698.333333333334,3843.6666666666665
AVG_815,9930.0,6122.999999999999
AVG_816,9503.0,6201.666666666667
AVG_817,12300.666666666666,3252.0
AVG_818,11349.333333333334,6025.0
AVG_819,10560.666666666666,5718.666666666667
AVG_820,13537.666666666666,5313.0
AVG_821,11300.999999999998,5985.0
AVG_822,11461.0,7893.0
AVG_823,10848.333333333334,4779.333333333333
AVG_824,10935.0,6075.0
AVG_825,9030.666666666666,6673.666666666667
AVG_826,11412.000000000002,5034.0
AVG_827,7534.666666666667,3591.6666666666665
AVG_828,11040.0,6539.666666666667
AVG_829,10021.333333333334,5187.999999999999
AVG_830,9862.333333333334,4030.3333333333335
AVG_831,9756.666666666666,6813.333333333333
AVG_832,6046.333333333333,4435.666666666667
AVG_833,8424.888888888889,3311.333333333333
AVG_834,8760.5,3849.0
AVG_835,8726.0,3967.0
AVG_836,9521.666666666666,3673.000000000001
AVG_837,8253.333333333334,3939.0
AVG_838,9302.666666666666,5719.0
AVG_839,8987.666666666666,3918.6666666666665
AVG_840,6630.0,5946.666666666667
AVG_841,14229.333333333334,5309.666666666667
AVG_842,14115.666666666666,6586.666666666667
AVG_843,11270.0,3882.0
AVG_844,14085.333333333334,7138.333333333333
AVG_845,9428.666666666666,4169.0
AVG_846,6902.166666666667,7726.666666666668
AVG_847,10827.0,7014.0
AVG_848,8945.0,3558.6666666666665
AVG_849,8846.666666666666,5049.0
AVG_850,9533.666666666666,9629.0
AVG_851,12126.0,5052.333333333333
AVG_852,14441.0,5314.333333333333
AVG_853,7390.666666666667,4385.666666666667
AVG_854,11121.666666666666,6461.333333333333
AVG_855,12336.666666666666,6103.333333333333
AVG_856,11135.666666666666,4550.666666666667
AVG_857,10083.5,3597.3333333333326
AVG_858,11788.0,6299.0
AVG_859,12108.0,6253.333333333333
AVG_860,9707.0,6342.333333333333
AVG_861,9802.0,5907.666666666667
AVG_862,12179.666666666666,6893.166666666667
AVG_863,10962.333333333334,6154.333333333333
AVG_864,10860.333333333334,7789.666666666667
AVG_865,11193.0,7399.666666666667
AVG_866,10577.666666666666,6690.333333333333
AVG_867,11462.0,7615.666666666664
AVG_868,10389.666666666666,7614.0
AVG_869,13324.833333333334,5655.0
AVG_870,13055.333333333334,5306.0
AVG_871,10179.0,6577.666666666667
AVG_872,9802.0,8349.333333333334
AVG_873,9683.333333333334,6947.0
AVG_874,7363.0,5552.333333333333
AVG_875,11094.333333333334,5670.666666666667
AVG_876,11877.333333333334,6311.666666666667
AVG_877,11623.000000000002,6185.666666666667
AVG_878,11109.000000000002,5715.666666666667
AVG_879,13086.0,6249.833333333333
AVG_880,9713.666666666668,6335.666666666667
AVG_881,12932.666666666666,
AVG_882,12437.0,6813.333333333333
AVG_883,11364.333333333334,6302.0
AVG_884,11417.333333333334,6454.666666666667
AVG_885,12009.0,6225.666666666667
AVG_886,9736.0,6398.0
AVG_887,10633.333333333334,5915.0
AVG_888,11632.666666666666,6112.666666666668
AVG_889,11920.333333333334,6035.333333333333
AVG_890,9850.0,7085.333333333333
AVG_891,7277.333333333333,5212.666666666666
AVG_892,12309.333333333334,5621.333333333333
AVG_893,18176.0,
AVG_894,18341.666666666668,
AVG_895,15716.666666666666,
AVG_896,18949.666666666668,
AVG_897,17633.666666666668,
AVG_898,17855.333333333332,
AVG_899,17349.333333333332,
AVG_900,14882.5,
AVG_901,15752.0,
AVG_902,16899.666666666668,
AVG_903,16514.666666666668,
AVG_904,7854.666666666667,7281.222222222223
AVG_905,7886.666666666667,5450.222222222222
AVG_906,12064.333333333334,7296.88888888889
AVG_907,7229.0,7018.888888888888
AVG_908,17090.0,
AVG_909,18313.666666666668,
AVG_910,16309.0,
AVG_911,16435.0,
AVG_912,18340.0,
AVG_913,17631.0,
AVG_914,12577.166666666666,
AVG_915,16183.333333333334,
AVG_916,18280.666666666668,
AVG_917,19256.0,
AVG_918,18118.0,
AVG_919,13732.0,
AVG_920,14301.333333333334,
AVG_921,16013.0,
AVG_922,15572.999999999998,
AVG_923,16006.0,
AVG_924,16780.666666666668,
AVG_925,15923.666666666666,
AVG_926,20044.33333333333,
AVG_927,18806.0,
AVG_928,12064.333333333334,8229.333333333334
AVG_929,18722.166666666668,5101.666666666667
AVG_930,16757.55555555556,4881.0
AVG_931,15762.0,5015.333333333334
AVG_932,16427.666666666668,
AVG_933,17423.833333333332,
AVG_934,17650.0,6117.333333333333
AVG_935,11913.333333333334,6312.666666666667
AVG_936,13158.555555555557,6254.0
AVG_937,12773.0,
AVG_938,17070.833333333332,5225.333333333333
AVG_939,13980.666666666666,5878.666666666667
AVG_940,16239.666666666666,5481.0
AVG_941,13225.0,7981.999999999999
AVG_942,14739.333333333334,7228.333333333335
AVG_943,6783.444444444444,4914.0
AVG_944,19074.83333333333,6228.0
AVG_945,12209.333333333334,4389.666666666667
AVG_946,12022.333333333334,4589.666666666667
AVG_947,11936.333333333334,5249.666666666667
AVG_948,14948.0,4665.333333333334
AVG_949,12929.666666666666,6312.333333333335
AVG_950,11963.666666666664,4532.333333333333
AVG_951,11721.666666666666,5699.0
AVG_952,13624.0,6143.666666666667
AVG_953,12929.0,5701.666666666667
AVG_954,11719.66666666667,7167.0
AVG_955,10815.0,6725.666666666667
AVG_956,13675.333333333334,5081.333333333333
AVG_957,12056.666666666666,6126.0
AVG_958,13345.444444444443,4699.0
AVG_959,14996.83333333333,6219.666666666667
AVG_960,15838.333333333334,5832.333333333335
AVG_961,11502.0,5291.333333333333
AVG_962,12118.666666666666,7255.666666666667
AVG_963,17008.333333333332,6762.333333333333
AVG_964,13328.5,6136.666666666667
AVG_965,13663.0,4858.000000000001
AVG_966,9966.777777777776,5158.666666666667
AVG_967,13676.666666666666,5334.0
AVG_968,6813.333333333333,5091.0
AVG_969,11676.166666666666,6027.0
AVG_970,11729.333333333334,5324.333333333333
AVG_971,12742.666666666666,5964.666666666668
AVG_972,13791.000000000002,5551.999999999999
AVG_973,13351.666666666666,4588.333333333333
AVG_974,12598.666666666666,6151.666666666667
AVG_975,12983.555555555557,5723.0
AVG_976,13471.22222222222,5936.666666666667
AVG_977,13153.166666666666,6120.333333333333
AVG_978,13166.666666666666,5801.666666666667
AVG_979,12708.333333333334,5716.666666666667
AVG_980,11908.5,5821.666666666667
AVG_981,13392.666666666666,6024.0
AVG_982,9957.333333333334,6289.166666666667
AVG_983,12565.666666666666,5177.333333333333
AVG_984,15495.333333333334,4739.166666666667
AVG_985,13425.333333333334,5372.333333333333
AVG_986,13551.0,5804.333333333335
AVG_987,12410.0,5663.0
AVG_988,14146.0,5609.666666666667
AVG_989,14851.333333333334,4694.166666666667
AVG_990,14651.0,5313.666666666668
AVG_991,12675.666666666666,5780.0
AVG_992,17379.5,5967.666666666667
AVG_993,13418.333333333334,5227.0
AVG_994,14813.666666666666,6204.333333333333
AVG_995,14246.5,7225.666666666667
AVG_996,14737.833333333334,6256.333333333333
AVG_997,14774.833333333334,5293.333333333333
AVG_998,12259.333333333334,4671.333333333333
AVG_999,14323.666666666666,4419.833333333333
AVG_1000,14153.0,5728.666666666667
AVG_1001,15445.833333333334,5511.666666666667
AVG_1002,14050.166666666666,4619.333333333333
AVG_1003,15616.166666666666,6618.666666666667
AVG_1004,13687.666666666666,5478.333333333333
AVG_1005,12275.666666666664,4383.0
AVG_1006,12150.333333333334,5792.666666666665
AVG_1007,11531.0,4898.333333333333
AVG_1008,11454.0,5377.666666666667
AVG_1009,11346.666666666666,4343.0
AVG_1010,9474.333333333336,7030.666666666667
AVG_1011,11822.0,5789.166666666667
AVG_1012,13037.666666666666,5444.333333333333
AVG_1013,14166.666666666666,5462.666666666667
AVG_1014,13700.0,6033.0
AVG_1015,12068.5,4858.333333333333
AVG_1016,12735.0,5818.666666666665
AVG_1017,13299.0,7411.666666666667
AVG_1018,15323.5,5057.0
AVG_1019,14521.5,5147.666666666667
AVG_1020,11249.000000000002,5368.666666666667
AVG_1021,13684.666666666666,3901.0
AVG_1022,13380.0,4439.666666666667
AVG_1023,12919.666666666666,5390.333333333333
AVG_1024,11933.0,4972.666666666667
AVG_1025,10098.333333333334,4983.333333333333
AVG_1026,11815.833333333334,5600.666666666667
AVG_1027,10273.666666666666,5735.666666666667
AVG_1028,9236.5,4891.333333333334
AVG_1029,9359.333333333334,4796.333333333333
AVG_1030,11599.666666666666,5469.666666666667
AVG_1031,11862.0,5087.000000000001
AVG_1032,11409.0,5455.666666666667
AVG_1033,7730.0,5712.0
AVG_1034,5472.0,6147.500000000001
AVG_1035,7142.666666666667,7011.0
AVG_1036,9221.666666666666,5546.0
AVG_1037,10750.333333333334,4652.333333333333
AVG_1038,11230.0,6473.333333333332
AVG_1039,10352.0,5140.333333333332
AVG_1040,9498.0,5422.666666666667
AVG_1041,9974.666666666666,5237.0
AVG_1042,9562.333333333334,5205.0
AVG_1043,12531.66666666667,5769.333333333333
AVG_1044,12917.666666666666,5815.333333333333
AVG_1045,9618.333333333334,5391.333333333333
AVG_1046,9944.333333333334,5130.0
AVG_1047,9551.333333333334,5341.0
AVG_1048,11415.333333333334,6762.666666666667
AVG_1049,9281.333333333334,4749.0
AVG_1050,9943.666666666666,5925.0
AVG_1051,6325.333333333333,5494.666666666667
AVG_1052,11266.666666666666,5710.166666666667
AVG_1053,12397.333333333334,5891.166666666667
AVG_1054,11481.999999999998,6023.666666666667
AVG_1055,7254.666666666667,6005.333333333333
AVG_1056,10337.0,6247.666666666668
AVG_1057,6566.0,7906.666666666667
AVG_1058,11888.333333333334,5151.333333333333
AVG_1059,6346.333333333333,4210.833333333333
AVG_1060,10864.0,5388.333333333333
AVG_1061,7506.333333333333,4544.333333333333
AVG_1062,11140.0,4895.333333333333
AVG_1063,12362.666666666666,6483.666666666667
AVG_1064,12502.999999999998,5678.666666666667
AVG_1065,10991.666666666666,5739.666666666667
AVG_1066,12343.0,5853.0
AVG_1067,12654.66666666667,5951.0
AVG_1068,9178.0,5835.666666666667
AVG_1069,10497.666666666666,5188.666666666666
AVG_1070,11070.333333333334,6270.333333333333
AVG_1071,12319.666666666666,5405.666666666667
AVG_1072,10738.666666666666,5434.0
AVG_1073,5507.333333333332,5287.666666666667
AVG_1074,12673.0,5790.666666666667
AVG_1075,5951.666666666667,7130.0
AVG_1076,11520.666666666666,5402.666666666667
AVG_1077,7351.0,7446.833333333333
AVG_1078,10402.333333333334,7133.666666666667
AVG_1079,10443.333333333334,6424.166666666667
AVG_1080,13995.166666666666,6520.666666666667
AVG_1081,12512.333333333334,7100.666666666667
AVG_1082,11163.666666666666,7288.666666666667
AVG_1083,12428.833333333334,8076.0
AVG_1084,10291.333333333334,4650.166666666667
AVG_1085,11762.666666666666,8144.333333333332
AVG_1086,8890.0,6487.666666666667
AVG_1087,10467.0,4753.5
AVG_1088,10360.0,5217.0
AVG_1089,12182.33333333333,6753.166666666667
AVG_1090,10706.0,7249.0
AVG_1091,7778.666666666667,5714.5
AVG_1092,6313.0,5361.666666666667
AVG_1093,10317.5,4640.833333333333
AVG_1094,12469.666666666666,8464.666666666666
AVG_1095,6073.333333333333,5116.0
AVG_1096,11349.666666666666,5670.0
AVG_1097,12474.5,6461.666666666667
AVG_1098,11122.333333333334,6585.666666666667
AVG_1099,12384.333333333334,4750.333333333333
AVG_1100,11426.666666666666,5346.0
AVG_1101,13863.0,6316.666666666667
AVG_1102,,5403.0
AVG_1103,9528.000000000002,5782.333333333333
AVG_1104,11037.666666666664,5629.0
AVG_1105,11275.333333333334,5481.666666666667
AVG_1106,11704.000000000002,5334.333333333333
AVG_1107,10535.166666666666,5373.999999999999
AVG_1108,6566.0,6556.0
AVG_1109,8878.333333333334,6144.666666666667
AVG_1110,10601.0,6244.999999999999
AVG_1111,10040.0,6668.333333333332
AVG_1112,13507.333333333334,8168.0
AVG_1113,,5525.333333333335
AVG_1114,,5532.0
AVG_1115,,5361.666666666667
AVG_1116,11464.0,5704.666666666667
AVG_1117,10272.333333333334,6134.0
AVG_1118,11553.666666666666,5652.0
AVG_1119,12162.333333333334,5311.0
AVG_1120,10680.666666666668,5424.333333333333
AVG_1121,8639.666666666666,5962.166666666667
AVG_1122,10281.666666666666,6721.333333333333
AVG_1123,10650.333333333334,5032.666666666667
AVG_1124,10051.000000000002,6704.333333333333
AVG_1125,13351.333333333334,4426.333333333333
AVG_1126,9468.666666666666,4626.666666666667
AVG_1127,7668.333333333333,7048.833333333335
AVG_1128,5825.0,5518.666666666667
AVG_1129,7919.333333333333,6333.777777777777
AVG_1130,6802.666666666667,5916.0
AVG_1131,13239.0,6710.444444444444
AVG_1132,6825.666666666667,7417.777777777778
AVG_1133,11879.5,5301.666666666667
AVG_1134,,5414.333333333333
AVG_1135,6797.0,6109.0
AVG_1136,9708.0,5870.999999999999
AVG_1137,10752.666666666666,5940.333333333333
AVG_1138,9378.999999999998,5212.333333333333
AVG_1139,9195.333333333334,5761.666666666667
AVG_1140,9410.666666666666,5395.666666666667
AVG_1141,11045.0,6339.0
AVG_1142,10837.0,6165.666666666667
AVG_1143,9424.0,5258.0
AVG_1144,9849.666666666666,5715.666666666667
AVG_1145,,5473.0
AVG_1146,,6417.0
AVG_1147,,6288.666666666667
AVG_1148,,
AVG_1149,,
AVG_1150,,
AVG_1151,,
AVG_1152,,
AVG_1153,,
AVG_1154,,
AVG_1155,,
AVG_1156,,
AVG_1157,,
AVG_1158,,
AVG_1159,,
AVG_1160,,
AVG_1161,,
AVG_1162,,
AVG_1163,,
AVG_1164,,
AVG_1165,,
AVG_1166,,
AVG_1167,,
AVG_1168,,
AVG_1169,,
AVG_1170,15135.0,5773.333333333333
AVG_1171,14607.0,6905.333333333333
AVG_1172,14659.666666666666,4266.333333333333
AVG_1173,13214.0,4429.0
AVG_1174,3864.000000000001,4657.666666666665
AVG_1175,6032.777777777777,5846.333333333333
AVG_1176,4930.11111111111,5745.666666666667
AVG_1177,6409.222222222223,5512.0
AVG_1178,5686.222222222222,5585.666666666667
AVG_1179,7320.666666666667,5723.333333333333
AVG_1180,10595.333333333334,
AVG_1181,10017.000000000002,
AVG_1182,11025.333333333334,
AVG_1183,10912.666666666666,
AVG_1184,12206.333333333334,5348.333333333333
AVG_1185,13510.666666666666,4364.333333333333
AVG_1186,10507.666666666666,5097.0
AVG_1187,10233.666666666666,4794.0
AVG_1188,11592.666666666666,4552.333333333333
AVG_1189,11157.5,7567.000000000001
AVG_1190,7924.333333333333,9927.666666666668
AVG_1191,14301.833333333334,6092.0
AVG_1192,11555.666666666666,
AVG_1193,10745.666666666666,
AVG_1194,10194.333333333334,
AVG_1195,10639.333333333334,
AVG_1196,10615.666666666666,
AVG_1197,8381.666666666666,
AVG_1198,13262.333333333334,5531.222222222223
AVG_1199,13108.333333333334,4821.11111111111
AVG_1200,11758.0,4215.888888888888
AVG_1201,12347.666666666666,4169.166666666667
AVG_1202,14392.666666666666,7273.5
AVG_1203,10823.999999999998,4407.000000000001
AVG_1204,11932.333333333334,5246.333333333333
AVG_1205,9185.666666666666,
AVG_1206,8644.000000000002,
AVG_1207,11846.666666666666,6008.777777777777
AVG_1208,13991.333333333334,7014.222222222223
AVG_1209,13586.666666666666,6726.444444444445
AVG_1210,13962.666666666666,7463.0
AVG_1211,13888.0,7462.333333333335
AVG_1212,15426.333333333334,4112.333333333333
AVG_1213,13832.666666666666,6617.0
AVG_1214,11047.666666666666,4815.0
AVG_1215,13181.333333333334,6163.833333333333
AVG_1216,10998.666666666666,3787.0
AVG_1217,10890.666666666666,5913.5
AVG_1218,4084.3333333333335,5237.333333333333
AVG_1219,12370.333333333334,8192.833333333334
AVG_1220,11686.666666666666,7743.833333333333
AVG_1221,11226.833333333334,
AVG_1222,,4317.333333333333
AVG_1223,,3617.3333333333335
AVG_1224,,3475.6666666666665
AVG_1225,,5448.333333333333
AVG_1226,,3016.7222222222226
AVG_1227,,4383.833333333333
AVG_1228,,4292.0
AVG_1229,15604.333333333334,
AVG_1230,11843.666666666666,
AVG_1231,11441.833333333334,
AVG_1232,16984.833333333332,
AVG_1233,16432.166666666668,
AVG_1234,14046.5,
AVG_1235,14919.166666666666,
AVG_1236,14314.166666666666,
AVG_1237,12855.444444444443,5913.500000000001
AVG_1238,16543.444444444445,
AVG_1239,16371.333333333334,
AVG_1240,13211.444444444443,
AVG_1241,12399.888888888889,
AVG_1242,14605.416666666666,
AVG_1243,14242.916666666666,
AVG_1244,13661.361111111111,
AVG_1245,15521.0,
AVG_1246,13798.166666666666,
AVG_1247,14765.0,
AVG_1248,13527.666666666666,
AVG_1249,10233.666666666666,
AVG_1250,16396.222222222223,
AVG_1251,14590.5,5858.666666666667
AVG_1252,16987.5,5292.999999999999
AVG_1253,15916.166666666666,6939.666666666667
AVG_1254,12516.333333333334,4139.0
AVG_1255,17025.833333333332,4878.0
AVG_1256,14727.833333333334,3663.6666666666665
AVG_1257,15585.5,3910.6666666666665
AVG_1258,16431.833333333332,4739.0
AVG_1259,16386.666666666668,5733.666666666667
AVG_1260,16238.5,6124.333333333333
AVG_1261,13825.666666666666,5147.5
AVG_1262,16525.833333333332,6608.333333333333
AVG_1263,17881.666666666668,4231.333333333333
AVG_1264,12959.666666666666,5478.666666666667
AVG_1265,12556.166666666666,4683.5
AVG_1266,12411.833333333334,3062.333333333334
AVG_1267,14670.0,3680.6666666666665
AVG_1268,14898.166666666666,3019.6666666666665
AVG_1269,15543.666666666666,5612.333333333333
AVG_1270,12009.833333333334,8543.333333333332
AVG_1271,14480.5,5814.333333333333
AVG_1272,15419.833333333334,7960.333333333333
AVG_1273,16126.833333333334,4991.666666666666
AVG_1274,14902.666666666666,4715.666666666667
AVG_1275,16298.888888888889,5099.0
AVG_1276,15496.166666666666,5457.0
AVG_1277,8147.11111111111,5420.666666666667
AVG_1278,11074.888888888889,4419.333333333333
AVG_1279,15019.944444444443,6530.333333333333
AVG_1280,15446.0,5183.666666666667
AVG_1281,15809.666666666666,
AVG_1282,14982.333333333334,
AVG_1283,,3995.0
AVG_1284,12656.0,6524.0
AVG_1285,12278.0,6328.666666666667
AVG_1286,13871.0,7386.999999999997
AVG_1287,11634.0,8251.666666666666
AVG_1288,10025.666666666666,8763.333333333334
AVG_1289,13383.666666666666,6142.333333333333
AVG_1290,13448.333333333334,8027.0
AVG_1291,16442.666666666668,7697.333333333333
AVG_1292,15825.0,6454.333333333333
AVG_1293,14111.666666666666,7900.555555555556
AVG_1294,16365.0,7974.222222222222
AVG_1295,14761.5,6948.166666666667
AVG_1296,15399.777777777776,7242.166666666667
AVG_1297,16294.666666666666,6771.333333333333
AVG_1298,12941.0,5591.583333333333
AVG_1299,12989.22222222222,6458.75
AVG_1300,14343.166666666666,5419.999999999999
AVG_1301,14611.833333333334,5945.666666666667
AVG_1302,14973.33333333333,6264.333333333333
AVG_1303,12214.999999999998,6439.333333333333
AVG_1304,11102.333333333334,7890.333333333333
AVG_1305,13639.0,7149.333333333333
AVG_1306,18315.277777777777,7704.000000000001
AVG_1307,16161.666666666666,7023.333333333333
AVG_1308,12899.22222222222,7280.333333333333
AVG_1309,11619.666666666666,9306.666666666666
AVG_1310,14815.5,7860.0
AVG_1311,16169.333333333334,8679.0
AVG_1312,12745.666666666666,5470.0
AVG_1313,17208.0,4775.333333333333
AVG_1314,15336.666666666666,4754.333333333333
AVG_1315,17615.0,6346.666666666668
AVG_1316,18143.33333333333,5277.000000000001
AVG_1317,15758.0,4622.333333333333
AVG_1318,14673.0,5388.666666666667
AVG_1319,13911.166666666666,5301.5
AVG_1320,18920.666666666668,5900.0
AVG_1321,16919.5,6449.0
AVG_1322,15259.166666666666,5146.0
AVG_1323,14986.333333333334,4541.0
AVG_1324,17171.0,5219.666666666665
AVG_1325,16661.0,4431.333333333333
AVG_1326,14008.66666666667,4969.88888888889
AVG_1327,14331.333333333334,4488.333333333334
AVG_1328,14478.666666666666,5547.333333333333
AVG_1329,13987.666666666666,5473.666666666667
AVG_1330,13027.666666666666,3805.6666666666656
AVG_1331,10978.0,4479.0
AVG_1332,12948.0,5936.333333333333
AVG_1333,14497.333333333334,4728.666666666667
AVG_1334,16435.666666666668,4482.0
AVG_1335,14219.666666666666,7736.0
AVG_1336,6885.833333333333,4336.666666666667
AVG_1337,14212.666666666666,5562.666666666667
AVG_1338,16733.0,4800.833333333333
AVG_1339,13039.666666666666,3404.0
AVG_1340,18295.55555555556,6952.333333333333
AVG_1341,15130.166666666666,5341.333333333334
AVG_1342,16864.0,5690.666666666667
AVG_1343,13995.555555555557,5215.333333333333
AVG_1344,16732.333333333332,7647.333333333333
AVG_1345,4506.0,7746.333333333331
AVG_1346,15661.666666666666,5240.0
AVG_1347,18721.666666666668,4427.5
AVG_1348,17265.888888888887,4622.666666666667
AVG_1349,18836.666666666668,6902.666666666667
AVG_1350,18614.0,6838.666666666667
AVG_1351,17508.0,2777.333333333333
AVG_1352,16659.5,4909.333333333333
AVG_1353,18501.83333333333,2366.6666666666665
AVG_1354,13841.666666666666,6787.166666666667
AVG_1355,15560.333333333334,6387.833333333333
AVG_1356,14212.0,6514.166666666667
AVG_1357,15084.333333333334,5152.333333333333
AVG_1358,12565.0,5432.666666666667
AVG_1359,15997.0,6311.666666666667
AVG_1360,15251.333333333334,5190.833333333333
AVG_1361,14613.0,6662.833333333333
AVG_1362,13465.666666666666,5843.5
AVG_1363,12723.0,4607.5
AVG_1364,14315.0,6759.166666666667
AVG_1365,15103.666666666666,4564.333333333333
AVG_1366,12758.0,4569.333333333333
AVG_1367,14816.666666666666,4309.0
AVG_1368,13585.5,4869.5
AVG_1369,13707.333333333334,4613.0
AVG_1370,15234.0,5825.666666666667
AVG_1371,15229.33333333333,4951.833333333333
AVG_1372,14862.0,4438.666666666667
AVG_1373,13586.666666666666,4500.5
AVG_1374,16808.0,4774.333333333333
AVG_1375,14845.333333333334,6675.666666666667
AVG_1376,14561.0,6157.833333333333
AVG_1377,14335.166666666666,5263.666666666667
AVG_1378,16267.666666666666,5162.666666666667
AVG_1379,13709.333333333334,5772.666666666667
AVG_1380,13807.166666666666,4776.0
AVG_1381,14202.666666666666,6051.333333333333
AVG_1382,10789.333333333334,6381.5
AVG_1383,19546.166666666668,7539.416666666667
AVG_1384,20016.83333333333,5852.083333333333
AVG_1385,19986.33333333333,8520.833333333334
AVG_1386,18482.83333333333,7665.5
AVG_1387,18006.0,8409.666666666666
AVG_1388,16656.0,8961.166666666666
AVG_1389,17951.0,7945.0
AVG_1390,18741.33333333333,10691.333333333334
AVG_1391,19992.666666666668,8369.666666666666
AVG_1392,18884.0,9658.777777777776
AVG_1393,13779.0,3906.6666666666665
AVG_1394,11155.666666666666,7632.333333333333
AVG_1395,12184.666666666666,8154.666666666667
AVG_1396,12718.333333333334,5982.333333333333
AVG_1397,12322.666666666666,5397.5
AVG_1398,12671.5,6818.166666666667
AVG_1399,14088.166666666666,3137.6666666666665
AVG_1400,12729.0,5145.0
AVG_1401,12228.333333333334,4618.666666666667
AVG_1402,13079.333333333334,5184.666666666667
AVG_1403,13020.333333333334,4159.333333333333
AVG_1404,12879.0,4061.3333333333335
AVG_1405,13381.333333333334,6787.666666666667
AVG_1406,12859.0,7549.166666666667
AVG_1407,13424.0,7299.11111111111
AVG_1408,11795.666666666666,5461.0
AVG_1409,18079.44444444444,
AVG_1410,16623.0,
AVG_1411,18648.166666666668,
AVG_1412,17134.166666666668,
AVG_1413,16744.833333333332,
AVG_1414,18375.0,4781.666666666667
AVG_1415,16078.666666666666,4733.166666666667
AVG_1416,17483.833333333332,
AVG_1417,17695.666666666668,
AVG_1418,19540.0,
AVG_1419,14573.666666666666,
AVG_1420,17457.333333333332,
AVG_1421,17039.666666666668,5466.0
AVG_1422,18917.0,6094.0
AVG_1423,14023.333333333334,
AVG_1424,15089.16666666667,
AVG_1425,13750.666666666666,
AVG_1426,14261.333333333334,
AVG_1427,15478.0,
AVG_1428,15108.66666666667,
AVG_1429,12739.0,
AVG_1430,17709.333333333332,
AVG_1431,14793.666666666666,
AVG_1432,18485.55555555556,
AVG_1433,17618.666666666668,6409.5
AVG_1434,17930.77777777778,5324.666666666667
AVG_1435,15939.555555555557,4155.0
AVG_1436,18095.666666666668,9161.0
AVG_1437,16692.833333333332,5943.666666666667
AVG_1438,13622.333333333334,4325.833333333333
AVG_1439,14942.0,10848.75
AVG_1440,14262.0,9496.416666666666
AVG_1441,10047.333333333334,4417.666666666667
AVG_1442,14260.333333333334,7570.666666666667
AVG_1443,12955.33333333333,6717.333333333333
AVG_1444,13154.333333333334,4418.5
AVG_1445,12007.666666666666,4613.5
AVG_1446,14912.666666666666,13517.5
AVG_1447,10530.333333333334,8810.166666666666
AVG_1448,16375.111111111111,7180.166666666667
AVG_1449,12264.0,6754.0
AVG_1450,18275.33333333333,9465.333333333334
AVG_1451,20027.666666666668,6458.333333333333
AVG_1452,19512.666666666668,
AVG_1453,19195.666666666668,8166.666666666667
AVG_1454,2629.6666666666665,7147.166666666667
AVG_1455,19633.33333333333,6826.0
AVG_1456,19341.33333333333,6457.0
AVG_1457,16538.166666666668,6193.333333333333
AVG_1458,18377.0,7866.333333333333
AVG_1459,18287.666666666668,8256.333333333334
AVG_1460,,9597.666666666666
AVG_1461,,7084.0
AVG_1462,19527.33333333333,
AVG_1463,19056.666666666668,
AVG_1464,17400.666666666668,
AVG_1465,,
AVG_1466,,
AVG_1467,16001.5,8754.833333333334
AVG_1468,18293.666666666664,6126.333333333333
AVG_1469,19916.666666666668,7609.333333333333
AVG_1470,17391.333333333332,8697.999999999998
AVG_1471,19576.33333333333,7184.0
AVG_1472,17269.0,9181.5
AVG_1473,19166.666666666668,4962.333333333333
AVG_1474,17601.333333333332,4720.666666666667
AVG_1475,17451.0,6001.666666666667
AVG_1476,18824.666666666668,4788.666666666667
AVG_1477,14561.333333333334,4961.333333333333
AVG_1478,14538.333333333334,5088.333333333334
AVG_1479,16991.0,3135.6666666666665
AVG_1480,17764.166666666668,5397.666666666667
AVG_1481,17400.5,4739.666666666667
AVG_1482,16898.5,8552.333333333334
AVG_1483,19688.166666666668,3737.000000000001
AVG_1484,12494.333333333334,5354.0
AVG_1485,19338.0,8866.0
AVG_1486,16451.0,7628.0
AVG_1487,13640.0,4009.6666666666674
AVG_1488,17959.0,3763.0
AVG_1489,18031.666666666668,5416.000000000001
AVG_1490,15318.333333333334,7304.333333333333
AVG_1491,16453.333333333332,6955.333333333333
AVG_1492,17224.666666666668,9371.666666666666
AVG_1493,12194.333333333334,4869.000000000001
AVG_1494,14008.666666666666,6321.166666666667
AVG_1495,13783.66666666667,4490.083333333333
AVG_1496,13347.083333333334,6144.583333333333
AVG_1497,12975.5,5217.066666666667
AVG_1498,13628.666666666666,5963.0
AVG_1499,12121.666666666666,5478.444444444444
AVG_1500,13612.666666666666,3702.111111111111
AVG_1501,13699.0,4580.222222222222
AVG_1502,12807.666666666666,5977.083333333333
AVG_1503,12817.166666666666,5563.0
AVG_1504,12327.0,
AVG_1505,3673.0,
AVG_1506,10228.0,
AVG_1507,14748.16666666667,
AVG_1508,12547.333333333334,4547.0
AVG_1509,12915.333333333334,4592.666666666667
AVG_1510,10695.0,4790.333333333333
AVG_1511,13300.333333333334,6381.333333333333
AVG_1512,11597.666666666666,5281.333333333333
AVG_1513,13007.833333333334,5012.999999999999
AVG_1514,12749.0,3906.0
AVG_1515,11853.666666666666,5427.333333333333
AVG_1516,11991.166666666666,4551.666666666667
AVG_1517,12969.0,4644.333333333333
AVG_1518,13856.666666666666,5901.333333333333
AVG_1519,13214.0,3644.3333333333335
AVG_1520,12208.333333333334,7521.333333333333
AVG_1521,12692.0,3705.3333333333335
AVG_1522,12258.0,
AVG_1523,13213.5,5599.533333333333
AVG_1524,12269.5,6575.11111111111
AVG_1525,6911.166666666667,7221.833333333333
AVG_1526,14893.111111111111,4910.25
AVG_1527,15002.666666666666,6782.25
AVG_1528,12429.0,
AVG_1529,13365.666666666666,5509.11111111111
AVG_1530,14011.666666666666,7002.333333333333
AVG_1531,8077.0,8450.933333333334
AVG_1532,14193.333333333334,5464.5
AVG_1533,13807.166666666666,6651.0
AVG_1534,13823.88888888889,5130.166666666667
AVG_1535,14941.5,
AVG_1536,11998.666666666666,
AVG_1537,15229.333333333334,
AVG_1538,16390.666666666668,
AVG_1539,17104.333333333332,
AVG_1540,16987.666666666668,
AVG_1541,17266.333333333332,
AVG_1542,18377.666666666668,
AVG_1543,18076.33333333333,
AVG_1544,16612.0,
AVG_1545,16770.333333333332,
AVG_1546,19353.0,
AVG_1547,19735.33333333333,
AVG_1548,18926.0,
AVG_1549,17434.0,
AVG_1550,15653.0,
AVG_1551,9340.0,
AVG_1552,16344.333333333334,
AVG_1553,18054.0,
AVG_1554,19083.0,
AVG_1555,16255.666666666666,
AVG_1556,18089.666666666668,
AVG_1557,16288.0,
AVG_1558,17011.0,
AVG_1559,16205.0,
AVG_1560,17047.666666666668,
AVG_1561,17695.333333333332,
AVG_1562,17262.666666666668,
AVG_1563,18166.33333333333,
AVG_1564,18972.666666666668,
AVG_1565,7709.0,
AVG_1566,20185.666666666668,
AVG_1567,17484.333333333332,
AVG_1568,17011.666666666668,
AVG_1569,16321.666666666666,
AVG_1570,15421.5,
AVG_1571,15583.0,
AVG_1572,18134.666666666668,
AVG_1573,19743.666666666668,
AVG_1574,15547.666666666666,
AVG_1575,18282.666666666668,
AVG_1576,17908.166666666668,
AVG_1577,15892.0,
AVG_1578,18314.0,
AVG_1579,19645.666666666668,
AVG_1580,18527.166666666668,
AVG_1581,16925.666666666668,
AVG_1582,18025.666666666668,
AVG_1583,16167.33333333333,
AVG_1584,16594.666666666668,
AVG_1585,17369.666666666668,
AVG_1586,18121.33333333333,
AVG_1587,14511.0,
AVG_1588,16248.0,
AVG_1589,17736.333333333332,
AVG_1590,15270.0,
AVG_1591,17118.0,
AVG_1592,7860.666666666667,
AVG_1593,8368.666666666666,
AVG_1594,10905.666666666666,
AVG_1595,9495.0,
AVG_1596,9151.0,
AVG_1597,9164.0,
AVG_1598,10820.333333333334,
AVG_1599,9902.333333333334,
AVG_1600,10022.333333333334,
AVG_1601,10832.0,
AVG_1602,10973.666666666666,
AVG_1603,11756.0,
AVG_1604,11694.333333333334,
AVG_1605,11188.666666666666,
AVG_1606,11365.0,
AVG_1607,11928.0,
AVG_1608,11244.0,
AVG_1609,11155.66666666667,
AVG_1610,11052.666666666666,
AVG_1611,13091.666666666666,
AVG_1612,11200.333333333334,
AVG_1613,10336.333333333334,
AVG_1614,10166.666666666666,
AVG_1615,10796.0,
AVG_1616,10597.333333333334,
AVG_1617,8155.333333333333,
AVG_1618,12258.66666666667,
AVG_1619,12127.0,
AVG_1620,11398.333333333334,
AVG_1621,13296.333333333334,
AVG_1622,10772.333333333334,
AVG_1623,12108.666666666666,
AVG_1624,12613.333333333334,
AVG_1625,12181.666666666666,
AVG_1626,11965.0,
AVG_1627,11296.666666666666,
AVG_1628,12114.0,
AVG_1629,11233.0,
AVG_1630,12561.666666666666,
AVG_1631,12662.333333333334,
AVG_1632,13730.666666666666,
AVG_1633,12698.0,
AVG_1634,11494.0,
AVG_1635,7118.333333333333,
AVG_1636,7831.333333333333,
AVG_1637,11361.333333333334,
AVG_1638,10932.666666666666,
AVG_1639,12651.0,
AVG_1640,12867.333333333334,
AVG_1641,11763.0,
AVG_1642,12149.0,
AVG_1643,12456.666666666666,
AVG_1644,11602.333333333334,
AVG_1645,12275.333333333334,
AVG_1646,11124.666666666666,
AVG_1647,12648.0,
AVG_1648,11940.333333333334,
AVG_1649,11588.333333333334,
AVG_1650,11579.666666666666,
AVG_1651,11530.333333333334,
AVG_1652,11911.666666666666,
AVG_1653,13789.0,
AVG_1654,12028.666666666664,
AVG_1655,10941.333333333334,
AVG_1656,11768.0,
AVG_1657,13317.66666666667,
AVG_1658,12335.333333333334,
AVG_1659,11967.666666666666,
AVG_1660,13370.666666666666,
AVG_1661,8006.333333333333,
AVG_1662,12611.666666666666,
AVG_1663,10865.333333333332,
AVG_1664,10908.166666666666,
AVG_1665,12300.666666666666,
AVG_1666,12588.333333333334,
AVG_1667,13325.0,
AVG_1668,14044.833333333334,
AVG_1669,10243.333333333334,
AVG_1670,13433.666666666666,
AVG_1671,11901.0,
AVG_1672,13624.666666666666,
AVG_1673,12781.666666666666,
AVG_1674,11862.333333333334,
AVG_1675,12238.0,
AVG_1676,10937.333333333334,
AVG_1677,12994.166666666666,
AVG_1678,11389.333333333334,
AVG_1679,12230.0,
AVG_1680,10412.5,
AVG_1681,9427.0,
AVG_1682,9847.833333333334,
AVG_1683,10308.0,
AVG_1684,11147.833333333334,
AVG_1685,10307.333333333334,
AVG_1686,11028.166666666666,
AVG_1687,17477.0,6168.499999999999
AVG_1688,14826.666666666666,6629.833333333333
AVG_1689,14779.333333333334,5840.0
AVG_1690,13153.333333333334,6060.444444444445
AVG_1691,13250.666666666666,5369.333333333333
AVG_1692,13568.0,7465.333333333332
AVG_1693,13247.0,5286.666666666667
AVG_1694,14448.0,8314.166666666666
AVG_1695,14549.333333333334,5244.666666666667
AVG_1696,14934.0,7317.833333333333
AVG_1697,15640.333333333334,6168.0
AVG_1698,15531.5,6128.333333333333
AVG_1699,15667.0,6363.0
AVG_1700,15563.333333333334,5765.666666666667
AVG_1701,15899.0,6191.833333333333
AVG_1702,12406.666666666666,4667.833333333333
AVG_1703,16003.333333333334,4659.333333333333
AVG_1704,15281.33333333333,4474.333333333333
AVG_1705,15226.333333333334,4595.25
AVG_1706,12047.333333333334,5379.222222222223
AVG_1707,12835.333333333334,4767.5
AVG_1708,16126.666666666666,4992.666666666667
AVG_1709,14574.0,5631.333333333333
AVG_1710,17522.0,6026.833333333333
AVG_1711,16261.333333333334,4880.333333333333
AVG_1712,14240.0,4690.666666666665
AVG_1713,13862.833333333334,5616.333333333333
AVG_1714,13221.0,5528.833333333333
AVG_1715,12754.5,5559.0
AVG_1716,12520.333333333334,6065.666666666667
AVG_1717,15943.0,7662.333333333333
AVG_1718,15597.333333333334,6349.0
AVG_1719,16551.833333333332,7124.777777777777
AVG_1720,14960.666666666664,5974.88888888889
AVG_1721,15077.666666666664,5805.222222222222
AVG_1722,15227.0,6381.333333333333
AVG_1723,14447.666666666666,5907.555555555555
AVG_1724,14565.666666666666,5033.777777777777
AVG_1725,12786.666666666666,5321.666666666667
AVG_1726,15837.333333333334,6578.444444444444
AVG_1727,15056.666666666666,5838.5
AVG_1728,15474.666666666666,4894.11111111111
AVG_1729,16751.666666666668,5217.5
AVG_1730,15894.0,6702.0
AVG_1731,16448.666666666668,5636.666666666667
AVG_1732,16494.166666666668,4496.666666666667
AVG_1733,9381.666666666666,4540.333333333333
AVG_1734,15283.499999999998,4961.333333333334
AVG_1735,13317.5,4835.333333333333
AVG_1736,14203.666666666666,6057.666666666667
AVG_1737,14453.166666666666,5135.5
AVG_1738,14844.444444444443,5746.333333333333
AVG_1739,10680.777777777776,
AVG_1740,12204.666666666666,7240.666666666667
AVG_1741,12717.0,3390.7777777777774
AVG_1742,13383.333333333334,6491.444444444444
AVG_1743,5683.0,5325.0
AVG_1744,18192.0,
AVG_1745,17427.0,
AVG_1746,13760.666666666666,
AVG_1747,14305.0,
AVG_1748,14986.333333333334,
AVG_1749,15642.0,
AVG_1750,13693.0,
AVG_1751,13194.333333333334,
AVG_1752,10016.333333333334,
AVG_1753,14527.0,4296.0
AVG_1754,14801.333333333334,4920.333333333333
AVG_1755,13382.666666666666,
AVG_1756,14287.0,
AVG_1757,14018.0,
AVG_1758,13577.333333333334,
AVG_1759,11503.833333333334,
AVG_1760,14598.666666666666,
AVG_1761,13976.77777777778,
AVG_1762,5657.666666666667,
AVG_1763,18681.666666666668,
AVG_1764,19998.33333333333,
AVG_1765,12384.333333333334,
AVG_1766,16446.666666666668,
AVG_1767,16185.000000000004,
AVG_1768,15790.666666666666,
AVG_1769,15769.166666666666,11130.666666666666
AVG_1770,13325.666666666666,10082.0
AVG_1771,20177.166666666668,13549.666666666666
AVG_1772,18866.166666666668,18317.0
AVG_1773,16632.666666666668,
AVG_1774,18996.0,
AVG_1775,17448.666666666668,
AVG_1776,19798.0,
AVG_1777,19729.0,
AVG_1778,18952.33333333333,
AVG_1779,19021.666666666668,
AVG_1780,12969.666666666666,
AVG_1781,15001.0,6524.555555555556
AVG_1782,15977.666666666666,6464.333333333333
AVG_1783,15095.333333333334,6040.916666666667
AVG_1784,13699.666666666666,5896.5
AVG_1785,15531.333333333334,7007.0
AVG_1786,11434.5,4753.666666666667
AVG_1787,15802.333333333334,5960.333333333332
AVG_1788,13445.0,4398.555555555556
AVG_1789,12611.666666666666,6093.25
AVG_1790,13339.666666666666,6809.222222222223
AVG_1791,3558.6666666666665,5896.222222222223
AVG_1792,19034.666666666668,
AVG_1793,18235.5,
AVG_1794,17903.333333333332,
AVG_1795,18165.666666666668,
AVG_1796,17463.666666666668,
AVG_1797,17515.333333333332,
AVG_1798,18185.33333333333,
AVG_1799,16400.333333333332,
AVG_1800,15764.0,
AVG_1801,18281.33333333333,
AVG_1802,17828.0,
AVG_1803,15427.666666666666,
AVG_1804,15376.666666666664,
AVG_1805,13943.0,
AVG_1806,16692.666666666668,
AVG_1807,16992.333333333332,
AVG_1808,14938.666666666666,
AVG_1809,15954.666666666666,
AVG_1810,14521.666666666666,
AVG_1811,15558.666666666666,
AVG_1812,15095.0,
AVG_1813,16029.666666666666,
AVG_1814,15615.666666666666,
AVG_1815,16205.666666666666,
AVG_1816,14116.666666666666,
AVG_1817,14368.0,
AVG_1818,14482.666666666666,6481.166666666667
AVG_1819,16291.0,6330.555555555556
AVG_1820,15768.0,5796.833333333333
AVG_1821,15501.0,6085.833333333333
AVG_1822,17242.666666666668,6023.5
AVG_1823,15009.333333333334,6637.833333333333
AVG_1824,16999.333333333332,7442.333333333333
AVG_1825,17620.333333333332,4828.666666666667
AVG_1826,16134.0,6459.666666666667
AVG_1827,15443.666666666666,5987.166666666667
AVG_1828,17402.0,6737.166666666667
AVG_1829,13407.333333333336,6017.0
AVG_1830,15169.999999999998,6495.166666666667
AVG_1831,17994.666666666668,6843.666666666667
AVG_1832,16341.0,5816.166666666667
AVG_1833,18150.33333333333,6324.555555555555
AVG_1834,16177.666666666666,5807.0
AVG_1835,16362.333333333334,5940.166666666667
AVG_1836,15497.333333333334,4613.5
AVG_1837,17403.0,5246.666666666666
AVG_1838,15809.333333333334,6217.833333333333
AVG_1839,16381.666666666666,6260.666666666667
AVG_1840,13032.0,5540.333333333333
AVG_1841,16096.33333333333,5538.833333333333
AVG_1842,15911.66666666667,5758.0
AVG_1843,11320.0,6006.0
AVG_1844,17822.55555555555,7550.666666666667
AVG_1845,14526.166666666664,5593.833333333333
AVG_1846,5824.5,5658.333333333333
AVG_1847,14498.166666666666,5158.000000000001
AVG_1848,3269.333333333333,5733.666666666667
AVG_1849,12109.666666666666,5658.0
AVG_1850,15308.333333333334,5907.666666666667
AVG_1851,9407.666666666666,4911.333333333333
AVG_1852,12999.0,5271.666666666667
AVG_1853,5062.666666666667,4986.0
AVG_1854,13927.0,5627.666666666667
AVG_1855,7213.333333333333,6784.333333333333
AVG_1856,7236.666666666667,4904.666666666667
AVG_1857,,4009.0
AVG_1858,12902.333333333334,5806.833333333333
AVG_1859,11054.166666666666,5195.0
AVG_1860,9014.999999999998,6177.666666666667
AVG_1861,10777.0,6475.0
AVG_1862,10232.333333333334,4824.166666666667
AVG_1863,,
AVG_1864,10590.0,8400.666666666666
AVG_1865,12331.0,4370.666666666667
AVG_1866,13145.0,6617.333333333333
AVG_1867,13903.0,4955.083333333333
AVG_1868,10661.333333333334,5877.333333333333
AVG_1869,7180.666666666667,4203.777777777777
AVG_1870,10310.666666666666,6845.666666666667
AVG_1871,10842.0,5983.916666666667
AVG_1872,11383.0,4569.583333333333
AVG_1873,10268.0,5219.166666666667
AVG_1874,14645.666666666666,3646.216666666667
AVG_1875,15097.666666666666,
AVG_1876,14197.0,
AVG_1877,13173.0,
AVG_1878,13496.0,
AVG_1879,14529.333333333334,
AVG_1880,13860.333333333334,
AVG_1881,15291.444444444443,
AVG_1882,16081.416666666666,
AVG_1883,16234.75,
AVG_1884,16673.444444444445,
AVG_1885,14022.333333333334,6824.333333333333
AVG_1886,14521.333333333334,6667.666666666667
AVG_1887,14509.0,7093.666666666667
AVG_1888,17141.777777777777,6999.333333333333
AVG_1889,15052.5,5548.0
AVG_1890,10486.666666666666,7677.333333333333
AVG_1891,16828.666666666668,
AVG_1892,15877.166666666666,
AVG_1893,17751.333333333332,
AVG_1894,17321.5,
AVG_1895,13883.333333333334,
AVG_1896,16543.5,5715.0
AVG_1897,15800.0,
AVG_1898,,5413.333333333333
AVG_1899,,5590.333333333333
AVG_1900,,4333.666666666667
AVG_1901,,4539.0
AVG_1902,,5049.333333333333
AVG_1903,,4224.333333333333
AVG_1904,,5593.333333333333
AVG_1905,,5317.333333333335
AVG_1906,,5600.333333333333
AVG_1907,,4220.0
AVG_1908,,5170.666666666667
AVG_1909,,5786.166666666667
AVG_1910,,4381.666666666667
AVG_1911,,6176.0
AVG_1912,,4067.0
AVG_1913,17498.666666666668,4297.0
AVG_1914,14828.833333333334,
AVG_1915,14843.666666666666,
AVG_1916,14219.833333333334,
AVG_1917,10669.333333333334,
AVG_1918,12036.333333333334,
AVG_1919,11991.666666666666,
AVG_1920,14049.833333333334,
AVG_1921,12453.333333333334,
AVG_1922,13472.5,
AVG_1923,15732.833333333334,
AVG_1924,17318.777777777777,5783.0
AVG_1925,17779.333333333332,
AVG_1926,16630.0,5597.0
AVG_1927,17341.166666666668,3694.6666666666665
AVG_1928,17472.88888888889,
AVG_1929,17358.444444444445,
AVG_1930,12092.0,
AVG_1931,17144.888888888887,
AVG_1932,17522.166666666668,
AVG_1933,16717.5,
AVG_1934,14413.22222222222,
AVG_1935,16588.0,
AVG_1936,19188.0,
AVG_1937,15728.444444444443,
AVG_1938,19344.222222222223,
AVG_1939,16189.444444444443,
AVG_1940,15364.555555555557,
AVG_1941,16429.77777777778,
AVG_1942,17490.777777777777,
AVG_1943,17824.777777777777,
AVG_1944,18372.25,
AVG_1945,18200.44444444444,
AVG_1946,18577.777777777777,
AVG_1947,15031.166666666666,
AVG_1948,19666.83333333333,
AVG_1949,14881.0,
AVG_1950,12896.666666666666,
AVG_1951,13325.666666666666,
AVG_1952,13398.666666666666,
AVG_1953,13460.000000000002,
AVG_1954,14082.0,
AVG_1955,17546.0,
AVG_1956,15937.666666666666,
AVG_1957,13915.333333333334,
AVG_1958,14413.333333333334,
AVG_1959,17978.0,
AVG_1960,16915.666666666668,
AVG_1961,17024.333333333332,
AVG_1962,17155.0,
AVG_1963,16619.666666666668,
AVG_1964,16517.333333333332,
AVG_1965,16640.333333333336,
AVG_1966,16535.666666666668,
AVG_1967,14327.666666666666,
AVG_1968,16543.333333333332,
AVG_1969,14834.666666666664,
AVG_1970,14541.666666666666,
AVG_1971,14304.0,
AVG_1972,15333.666666666666,
AVG_1973,14357.666666666666,
AVG_1974,14416.333333333334,
AVG_1975,13837.333333333334,
AVG_1976,14262.666666666666,
AVG_1977,16232.333333333334,
AVG_1978,16189.666666666666,
AVG_1979,18181.166666666668,
AVG_1980,14751.666666666666,
AVG_1981,17227.0,
AVG_1982,16365.0,
AVG_1983,17658.0,
AVG_1984,17287.0,
AVG_1985,17182.0,
AVG_1986,18131.58333333333,
AVG_1987,17721.11111111111,
AVG_1988,18299.0,
AVG_1989,16779.5,
AVG_1990,17996.77777777778,
AVG_1991,16601.333333333332,
AVG_1992,18989.0,
AVG_1993,17746.166666666668,
AVG_1994,18712.83333333333,
AVG_1995,16686.583333333332,
AVG_1996,15076.0,
AVG_1997,19538.166666666668,
AVG_1998,14702.111111111111,5469.333333333333
AVG_1999,15326.333333333334,5048.833333333333
AVG_2000,13210.055555555557,6862.11111111111
AVG_2001,15146.666666666666,6372.666666666667
AVG_2002,15783.833333333334,6896.333333333333
AVG_2003,15535.666666666666,7092.0
AVG_2004,15336.166666666666,5601.5
AVG_2005,16478.166666666668,5501.611111111112
AVG_2006,13687.0,5445.0
AVG_2007,17221.88888888889,4934.666666666667
AVG_2008,17955.888888888887,3683.1666666666665
AVG_2009,16722.666666666668,5820.0
AVG_2010,17580.0,4294.333333333333
AVG_2011,18109.25,7046.75
AVG_2012,17970.777777777777,6612.333333333335
AVG_2013,18311.916666666668,6942.444444444445
AVG_2014,18309.0,3151.333333333334
AVG_2015,20318.44444444444,5807.166666666667
AVG_2016,17117.833333333332,5222.999999999999
AVG_2017,12381.666666666666,4229.0
AVG_2018,19175.666666666668,5594.0
AVG_2019,16181.166666666666,6178.666666666667
AVG_2020,17903.333333333332,5983.833333333333
AVG_2021,7394.333333333332,5473.166666666667
AVG_2022,14068.0,5603.0
AVG_2023,14016.33333333333,6504.666666666667
AVG_2024,12395.22222222222,6119.0
AVG_2025,8461.0,5183.333333333333
AVG_2026,8937.666666666666,6179.333333333333
AVG_2027,9888.166666666666,6749.666666666667
AVG_2028,17026.72222222222,7549.666666666667
AVG_2029,15277.666666666666,5129.0
AVG_2030,18830.166666666668,6619.333333333335
AVG_2031,15807.166666666666,4538.666666666667
AVG_2032,17675.166666666668,4214.333333333333
AVG_2033,17857.666666666668,5649.0
AVG_2034,14483.888888888889,6874.499999999999
AVG_2035,12452.5,4582.333333333333
AVG_2036,16720.166666666668,6428.999999999999
AVG_2037,15151.0,4596.0
AVG_2038,13243.333333333334,8496.333333333334
AVG_2039,18473.666666666668,6040.333333333333
AVG_2040,18589.666666666668,9185.0
AVG_2041,17080.333333333332,8371.333333333334
AVG_2042,10763.666666666666,5140.0
AVG_2043,15399.0,6414.333333333333
AVG_2044,15682.0,6349.666666666667
AVG_2045,17120.666666666668,
AVG_2046,15903.666666666666,
AVG_2047,16331.666666666666,
AVG_2048,18032.0,
AVG_2049,16937.666666666668,
AVG_2050,15011.333333333334,
AVG_2051,13740.666666666666,
AVG_2052,16327.666666666664,
AVG_2053,16424.333333333332,
AVG_2054,18992.33333333333,
AVG_2055,17584.11111111111,
AVG_2056,15878.166666666666,
AVG_2057,17774.111111111113,
AVG_2058,16806.44444444444,
AVG_2059,16633.333333333332,
AVG_2060,20526.0,
AVG_2061,18176.0,
AVG_2062,18455.666666666668,
AVG_2063,18811.0,
AVG_2064,11891.666666666666,8347.333333333332
AVG_2065,19361.0,9996.666666666666
AVG_2066,17743.666666666668,7924.0
AVG_2067,18505.666666666668,7568.166666666667
AVG_2068,18587.666666666668,4076.0
AVG_2069,18562.0,8461.0
AVG_2070,18720.666666666668,7672.333333333333
AVG_2071,16850.0,4021.8333333333335
AVG_2072,19603.666666666668,
AVG_2073,18670.33333333333,
AVG_2074,17210.333333333336,
AVG_2075,16229.333333333334,
AVG_2076,16806.166666666668,
AVG_2077,16168.333333333334,
AVG_2078,18033.44444444444,
AVG_2079,17042.5,
AVG_2080,17043.166666666668,
AVG_2081,18614.666666666668,
AVG_2082,3458.6666666666665,
AVG_2083,17236.333333333332,
AVG_2084,18365.33333333333,
AVG_2085,19507.666666666668,
AVG_2086,16286.666666666666,6787.0
AVG_2087,17529.666666666668,
AVG_2088,19535.33333333333,
AVG_2089,19419.666666666668,
AVG_2090,3991.0,
AVG_2091,21112.666666666668,
AVG_2092,17308.666666666668,
AVG_2093,19015.33333333333,
AVG_2094,2966.6666666666665,
AVG_2095,17014.333333333332,5343.666666666667
AVG_2096,17391.666666666668,6508.333333333335
AVG_2097,18228.0,7623.666666666667
AVG_2098,17188.666666666668,7162.333333333333
AVG_2099,15351.33333333333,7272.666666666667
AVG_2100,17382.333333333332,6183.666666666667
AVG_2101,17686.666666666668,7794.999999999999
AVG_2102,19051.5,8003.666666666667
AVG_2103,17766.666666666668,8378.0
AVG_2104,10158.666666666666,6412.083333333333
AVG_2105,10749.0,5219.333333333333
AVG_2106,8440.0,5391.0
AVG_2107,9149.0,6005.333333333333
AVG_2108,11421.666666666666,6327.666666666667
AVG_2109,9472.0,6254.833333333333
AVG_2110,9800.666666666666,9052.333333333334
AVG_2111,10115.666666666666,8281.333333333334
AVG_2112,9802.333333333334,11398.0
AVG_2113,9299.777777777776,6742.166666666667
AVG_2114,10997.0,5443.5
AVG_2115,8288.0,5778.833333333333
AVG_2116,11466.0,6283.333333333333
AVG_2117,9126.0,7424.111111111112
AVG_2118,8633.333333333334,6064.0
AVG_2119,9125.333333333334,6192.0
AVG_2120,9535.333333333334,6266.444444444444
AVG_2121,12976.333333333334,4615.666666666667
AVG_2122,14072.333333333334,5601.666666666667
AVG_2123,12868.0,5742.0
AVG_2124,13064.999999999998,5623.666666666668
AVG_2125,12469.333333333334,6374.666666666667
AVG_2126,12222.0,5276.666666666667
AVG_2127,12228.666666666666,5618.666666666667
AVG_2128,13030.666666666666,5081.0
AVG_2129,15164.0,6173.333333333333
AVG_2130,9341.33333333333,9926.333333333334
AVG_2131,9635.0,6878.666666666667
AVG_2132,7488.333333333333,5309.333333333333
AVG_2133,7817.333333333333,3528.333333333334
AVG_2134,8809.666666666666,6172.333333333333
AVG_2135,11200.333333333336,6154.166666666667
AVG_2136,8082.0,3963.5
AVG_2137,7673.833333333333,8567.666666666666
AVG_2138,11349.0,3706.25
AVG_2139,11700.333333333334,6599.333333333333
AVG_2140,11290.333333333334,
AVG_2141,14454.166666666666,4367.0
AVG_2142,13529.499999999998,4283.0
AVG_2143,13423.333333333334,7607.0
AVG_2144,11870.333333333334,4959.666666666665
AVG_2145,12640.333333333334,5803.222222222223
AVG_2146,12268.666666666666,5727.666666666667
AVG_2147,13208.0,6315.833333333333
AVG_2148,14332.5,6167.333333333333
AVG_2149,12625.5,5839.0
AVG_2150,13765.333333333334,6140.666666666667
AVG_2151,11166.0,4994.666666666667
AVG_2152,14311.166666666666,4569.666666666667
AVG_2153,11038.0,5909.0
AVG_2154,12917.333333333334,4769.0
AVG_2155,10948.333333333334,7333.5
AVG_2156,12395.333333333334,5917.333333333333
AVG_2157,12112.0,6100.666666666667
AVG_2158,11320.333333333334,4837.0
AVG_2159,13366.000000000002,5035.5
AVG_2160,12696.333333333334,4797.0
AVG_2161,11397.166666666666,5954.0
AVG_2162,11598.333333333334,6363.0
AVG_2163,10659.666666666666,5692.666666666667
AVG_2164,,
AVG_2165,14127.333333333334,5977.666666666667
AVG_2166,13261.33333333333,5356.500000000001
AVG_2167,12108.333333333334,5118.333333333332
AVG_2168,13068.333333333334,5400.333333333333
AVG_2169,19046.33333333333,
AVG_2170,,3641.000000000002
AVG_2171,,3278.0
AVG_2172,13365.666666666666,5361.333333333333
AVG_2173,,4692.000000000001
AVG_2174,,6769.333333333333
AVG_2175,13797.0,6117.333333333333
AVG_2176,9212.0,
AVG_2177,9757.22222222222,
AVG_2178,11743.666666666666,6376.333333333333
AVG_2179,12350.0,5799.333333333333
AVG_2180,12718.0,4214.0
AVG_2181,13589.000000000002,5154.333333333333
AVG_2182,12730.166666666666,
AVG_2183,12857.166666666664,
AVG_2184,14591.666666666666,
AVG_2185,9776.5,
AVG_2186,8007.333333333333,
AVG_2187,12220.77777777778,
AVG_2188,11064.0,
AVG_2189,14076.77777777778,
AVG_2190,16562.55555555556,
AVG_2191,15786.666666666666,
AVG_2192,18214.666666666668,
AVG_2193,13298.333333333334,
AVG_2194,15161.166666666664,
AVG_2195,14733.25,
AVG_2196,,7705.277777777777
AVG_2197,,6904.333333333333
AVG_2198,,7195.444444444444
AVG_2199,,7621.5
AVG_2200,,5391.0
AVG_2201,,6442.666666666667
AVG_2202,,5733.666666666667
AVG_2203,,5895.666666666668
AVG_2204,,5885.666666666667
AVG_2205,,6064.666666666668
